--17.02.2026
--tund nr 1

-- teeme andmebaasi e db
create database IKT25tar

--andmebaasi valimine
use IKT25tar

--andmebaasi kustutamine koodiga
--otsida kood ülesse
drop database IKT25tar

--teeme uuesti andmebaasi IKT25tar
create database IKT25tar

--teeme tabeli
create table Gender
(
--Meil on muutuja Id,
--mis on täisarv andmetüüp,
--kui sisestad andmed, 
--siis see veerg peab olema täidetud,
--tegemist on primaarvőtmega
Id int not null primary key,
--veeru nimi on Gender,
--10 tähemärki on max pikkus,
--andmed peavad olema sisestatud e 
--ei tohi olla tühi
Gender nvarchar(10) not null
)

--andmete sisestamine Gender tabelisse
--proovige ise teha
-- Id = 1, Gender = Male
-- Id = 2, Gender = Female
insert into Gender (Id, Gender)
values (1, 'Male'),
(2, 'Female')

--vaatame tabeli sisu
-- * tähendab, et näita kőike seal sees olevat infot
select * from Gender

--teeme tabeli nimega Person
--veeru nimed: Id int not null primary key,
-- Name nvarchar (30)
-- Email nvarchar (30)
--GenderId int
create table Person
(
Id int not null primary key,
Name nvarchar(30),
Email nvarchar(30),
GenderId int
)

--18.02.2026
--tund nr 2

insert into Person (Id, Name, Email, GenderId)
values (1, 'Superman', 's@s.com', 2),
(2, 'Wonderwoman', 'w@w.com', 1),
(3, 'Batman', 'b@b.com', 2),
(4, 'Aquaman', 'a@a.com', 2),
(5, 'Catwoman', 'c@c.com', 1),
(6, 'Antman', 'ant"ant.com', 2),
(8, NULL, NULL, 2)

--näen tabelis olevat infot
select * from Person

--vőőrvőtme ühenduse loomine kahe tabeli vahel
alter table Person add constraint tblPerson_GenderId_FK
foreign key (GenderId) references Gender(Id)

-- kui sisestad uue rea andmeid ja ei ole sisestanud GenderId alla 
-- väärtust, siis automaatselt sisestab sellele reale väärtuse 3
-- e unknown
alter table Person
add constraint DF_Persons_GenderId
default 3 for GenderId

insert into Gender (Id, Gender)
values (3, 'Unknown')

insert into Person (Id, Name, Email, GenderId)
values (7, 'Black Panther', 'b@b.com', NULL)

insert into Person (Id, Name, Email)
values (9, 'Spiderman', 'spider@man.com')

select * from Person

--piirnagu kustutamine
alter table Person
drop constraint DF_Persons_GenderId

--kuidas lisada veergu tabelile Person
--veeru nimi on Age nvarchar(10)
alter table Person
add Age nvarchar(10)

alter table Person
add constraint CK_Person_Age check (Age > 0 and Age < 155)

-- kuidas uuendada andemeid
update Person
set Age = 159
where Id = 7

select * from Person

--soovin kustutada ühe rea
-- kuidas seda teha????
delete from Person where Id = 8

select * from Person

--lisame uue veeru City nvarchar(50)
alter table Person
add City nvarchar(50)

--kőik, kes elavad Gothami linnas
select * from Person where City = 'Gotham'
-- k]ik, kes ei ela Gothamis
select * from Person where City != 'Gotham'
-- variant nr 2. K]ik, kes ei ela Gothamis
select * from Person where City <> 'Gotham'

--näitab teatud vanusega inimesi
-- valime 151, 35, 26
select * from Person where Age in (151, 35, 26)
select * from Person where Age = 151 or Age = 35 or Age = 26

-- soovin näha inimesi vahemikus 22 kuni 41
select * from Person where Age between 22 and 41

--wildcard e näitab kőik g-tähega linnad
select * from Person where City like 'g%'
--otsib emailid @-märgiga
select * from Person where Email like '%@%'

--tahan näha, kellel on emailis ees ja peale @-märki üks täht
select * from Person where Email like '_@_.com'

--kőik, kelle nimes ei ole esimene täht W, A, S
select * from Person where Name like '[^WAS]%'

--k]ik, kes elavad Gothamis ja New Yorkis
select * from Person where (City = 'Gotham' or City = 'New York')

-- k]ik, kes elavad Gothamis ja New Yorkis ning peavad olema 
-- vanemad, kui 29
select * from Person where (City = 'Gotham' or City = 'New York')
and Age >= 30

--kuvab tähestikulises järjekorras inimesi ja vőtab aluseks 
-- Name veeru
select * from Person
select * from Person order by Name

--vőtab kolm esimest rida Person tabelist
select top 3 * from Person

--tund 3
--25.02.2026
--kolm esimest, aga tabeli järjestus on Age ja siis Name
select top 3 Age, Name from Person

--näita esimesed 50% tabelist
select top 50 percent * from Person
select * from Person

--järjestab vanuse järgi isikud
select * from Person order by Age desc

--muudab Age muutuja int-ks ja näitab vanuselises järjestuses
-- cast abil saab andmetüüpi muuta
select * from Person order by cast(Age as int) desc

-- kőikide isikute koondvanus e liidab kőik kokku
select sum(cast(Age as int)) from Person

--kőige noorem isik tuleb üles leida
select min(cast(Age as int)) from Person

--kőige vanem isik
select max(cast(Age as int)) from Person

--muudame Age muutuja int peale
-- näeme konkreetsetes linnades olevate isikute koondvanust
select City, sum(Age) as TotalAge from Person group by City

--kuidas saab koodiga muuta andmetüüpi ja selle pikkust
alter table Person 
alter column Name nvarchar(25)

-- kuvab esimeses reas välja toodud järjestuses ja kuvab Age-i 
-- TotalAge-ks
--järjestab City-s olevate nimede järgi ja siis Genderid järgi
--kasutada group by-d ja order by-d
select City, GenderId, sum(Age) as TotalAge from Person
group by City, GenderId
order by City

--näitab, et mitu rida andmeid on selles tabelis
select count(*) from Person

--näitab tulemust, et mitu inimest on Genderid väärtusega 2
--konkreetses linnas
--arvutab vanuse kokku selles linnas
select GenderId, City, sum(Age) as TotalAge, count(Id) as 
[Total Person(s)] from Person
where GenderId = '1'
group by GenderId, City

--näitab ära inimeste koondvanuse, mis on üle 41 a ja
--kui palju neid igas linnas elab
--eristab inimese soo ära
select GenderId, City, sum(Age) as TotalAge, count(Id) as 
[Total Person(s)] from Person
where GenderId = '2'
group by GenderId, City having sum(Age) > 41

--loome tabelid Employees ja Department
create table Department
(
Id int primary key,
DepartmentName nvarchar(50),
Location nvarchar(50),
DepartmentHead nvarchar(50)
)

create table Employees
(
Id int primary key,
Name nvarchar(50),
Gender nvarchar(50),
Salary nvarchar(50),
DepartmentId int
)

insert into Employees (Id, Name, Gender, Salary, DepartmentId)
values (1, 'Tom', 'Male', 4000, 1),
(2, 'Pam', 'Female', 3000, 3),
(3, 'John', 'Male', 3500, 1),
(4, 'Sam', 'Male', 4500, 2),
(5, 'Todd', 'Male', 2800, 2),
(6, 'Ben', 'Male', 7000, 1),
(7, 'Sara', 'Female', 4800, 3),
(8, 'Valarie', 'Female', 5500, 1),
(9, 'James', 'Male', 6500, NULL),
(10, 'Russell', 'Male', 8800, NULL)

insert into Department(Id, DepartmentName, Location, DepartmentHead)
values 
(1, 'IT', 'London', 'Rick'),
(2, 'Payroll', 'Delhi', 'Ron'),
(3, 'HR', 'New York', 'Christie'),
(4, 'Other Department', 'Sydney', 'Cindrella')

select * from Department
select * from Employees

---
select Name, Gender, Salary, DepartmentName
from Employees
left join Department
on Employees.DepartmentId = Department.Id
---

--arvutab k]ikide palgad kokku Employees tabelist
select sum(cast(Salary as int)) from Employees --arvutab kőikide palgad kokku
-- kőige väiksema palga saaja
select min(cast(Salary as int)) from Employees

--näitab veerge Location ja Palka. Palga veerg kuvatakse TotalSalary-ks
--teha left join Department tabeliga
--grupitab Locationiga
select Location, sum(cast(Salary as int)) as TotalSalary
from Employees
left join Department
on Employees.DepartmentId = Department.Id
group by Location

--rida 257
-- 5 tund

--kustutame veeru nimega City Employee tabelis

alter table Employees
drop column City

--inner join 
--kuvab neid, kellel on DepartmentName all olemas väärtus
--mitte kattuvad read eemaldatakse tulemusest
--ja sellepärast ei näidata Jamesi ja Russelit tabelis
--kuna neil on DepartmentId NULL
select Name, Gender, Salary, DepartmentName
from Employees
inner join Department
on Employees.DepartmentId = Department.Id

--left join
select Name, Gender, Salary, DepartmentName
from Employees
left join Department --vőib kasutada ka LEFT OUTER JOIN-i
on Employees.DepartmentId = Department.Id
--uurige, mis on siis left join
--näitab andmeid, kus vasakpoolsest tabelist isegi siis kui seal puudub
--vőőrvőtme reas väärtus

--right join
select Name, Gender, Salary, DepartmentName
from Employees
right join Department --vőib kasutada ka RIGHT OUTER JOIN-i
on Employees.DepartmentId = Department.Id
--right join näitab paremas (Department) tabelis olevad väärtuseid
--mis ei ühti vasaku (Employees) tabeliga

--outer join
select Name, Gender, Salary, DepartmentName
from Employees
full outer join Department --vőib kasutada ka FULL OUTER JOIN-i
on Employees.DepartmentId = Department.Id
--mőlema tabeli read kuvab 

--teha cross join
select Name, Gender, Salary, DepartmentName
from Employees
cross join Department 
--korrutab kőik omavahel läbi

-- teha left join, kus Employees tabelist DepartmentId on null
select Name, Gender, Salary, DepartmentName
from Employees
left join Department 
on Employees.DepartmentId = Department.Id
where Employees.DepartmentId is null

--teine variant ja sama tulemus
select Name, Gender, Salary, DepartmentName
from Employees
left join Department 
on Employees.DepartmentId = Department.Id
where Employees.Department.Id is null
--näitab ainult neid, kellel on vasakus tabelis (Employees)
--DepartmentId null

select Name, Gender, Salary, DepartmentName
from Employees
right join Department 
on Employees.DepartmentId = Department.Id
where Employees.DepartmentId is null
--näitab ainult paremas tabelis olevat rida,
--mis ei kattu Employees-ga.

--full join
--mőlema tabeli mitte-kattuvate väärtustega read kuvab välja
select Name, Gender, Salary, DepartmentName
from Employees
full outer join Department 
on Employees.DepartmentId = Department.Id
where Employees.DepartmentId is null
or Department.Id is null

--teete AdventureWorksLT2019 andmebaasile join päringuid:
--inner join, left join, right join, cross join ja full join
--tabeleid sellesse andmebaasi juurde ei tohi teha

--Mőnikord peab muutuja ette kirjutama tabeli nimetuse nagu on Product.Name,
--et editor saaks aru, et kumma tabeli muutujat soovitakse kasutada ja ei tekiks
--segadust
select Product.Name as [Product Name], ProductNumber, ListPrice, 
ProductModel.Name as [Product Model Name], Product.ProductModelId, ProductModel.ProductModelID
--mőnikord peab ka tabeli ette kirjutama täpsustava info
--nagu on SalesLT.Product
from SalesLT.Product
inner join SalesLT.ProductModel
--antud juhul Producti tabelis ProductModelID vőőrvőti
--mis ProductModeli tabelis on primaarvőti
on Product.ProductModelId = ProductModel.ProductModelId


--isnull funktsiooni kasutamine
select isnull('Ingvar', 'No manager') as Manager

--NULL asemel kuvab No Manager
select coalesce(NULL, 'No manager') as Manager

alter table Employees 
add ManagerId int

--neile, kellel ei ole ülemust, siis paneb neile No Manager teksti
--kasutage left joini
select E.Name as Employee, isnull(M.Name, 'No Manager') as Manager
from Employees E
left join Employees M
on E.ManagerId = M.Id

--kasutame inner joini
--kuvab ainult ManagerId all olevate isikute väärtuseid
select E.Name as Employee, M.Name as Manager
from Employees E
inner join Employees M
on E.ManagerId = M.Id

--kőik saavad kőikide ülemused olla
select E.Name as Employee, M.Name as Manager
from Employees E
cross join Employees M

--lisame tabelisse uued veerud
MiddleName nvarchar 30
LastName nvarchar 30

alter table Employees
add MiddleName nvarchar(30)
alter table Employees
add LastName nvarchar(30)

--muudame olemasoleva veeru nimetust
sp_rename 'Employees.Name', 'FirstName'

select * from Employees

update Employees 
set FirstName = NULL, MiddleName = 'Todd', LastName = 'Someone'
where Id = 5

update Employees
set MiddleName = 'Nick', LastName = 'Jones'
where Id = 1

update Employees
set LastName = 'Anderson'
where Id = 2

update Employees
set LastName = 'Smith'
where Id = 4

update Employees
set MiddleName = 'Ten', LastName = 'Sven'
where Id = 6

update Employees
set LastName = 'Connor'
where Id = 7

update Employees
set MiddleName = 'Balerine'
where Id = 8

update Employees
set LastName = 'Bond'
where Id = 9

update Employees 
set FirstName = NULL, MiddleName = NULL, LastName = 'Crowe'
where Id = 10

--igast reast vőtab esimesena täidetud lahtri ja kuvab ainult seda
--coalesce
select * from Employees

select Id, coalesce (FirstName, MiddleName, LastName) as Name
from Employees

--loome kaks tabelit
create table IndianCustomers
(
Id int identity(1,1),
Name nvarchar(25),
Email nvarchar(25)
)

create table UKCustomers
(
Id int identity(1,1),
Name nvarchar(25),
Email nvarchar(25)
)

--sisestame tabelisse andmeid
insert into IndianCustomers (Name, Email)
values ('Raj', 'R@R.com'),
('Sam', 'S@S.com')

insert into UKCustomers (Name, Email)
values ('Ben', 'B@B.com'),
('Sam', 'S@S.com')

select * from IndianCustomers
select * from UKCustomers

--kasutame union all, mis näitab kőiki ridu
--union all ühendab tabelid ja näitab sisu
select Id, Name, Email from IndianCustomers
union all
select Id, Name, Email from UKCustomers

--korduvate väärtustega read pannakse ühte ja ei korrata
select Id, Name, Email from IndianCustomers
union
select Id, Name, Email from UKCustomers

--kasutad union all, aga sorteerid nime järgi
select Id, Name, Email from IndianCustomers
union all
select Id, Name, Email from UKCustomers
Order by Name

--store procedure
--tavaliselt pannakse nimetuse ette sp, mis tähendab stored procedure
create procedure spGetEmloyees
as begin
	select FirstName, Gender from Employees
end

--nüüd saab kasutada selle nimelist sp-d
spGetEmloyees
exec spGetEmloyees
execute spGetEmloyees

create proc spGetEmplyeesByGenderAndDepartment
--@ tähendab muutujat
@gender nvarchar(20),
@DepartmentId int
as begin
	select FirstName, Gender, DepartmentId from Employees where Gender = @Gender
	and DepartmentId = @DepartmentId
end

--kui nüüd allolevat käsklust käima panna, siis nőuab gender parameetrit
spGetEmplyeesByGenderAndDepartment

--őige variant
spGetEmplyeesByGenderAndDepartment 'Female', 1

--niimoodi saab sp kirja pandud järjekorrast möös minna, kui ise paned muutuja paika
spGetEmplyeesByGenderAndDepartment @DepartmentId = 1, @Gender = 'Male'

-- saab sp sisu vaadata result vaates
sp_helptext spGetEmplyeesByGenderAndDepartmentő

--kuidas muuta sp-d ja panna sinna vőti peale, et keegi teine peale teie ei saaks muuta
--kuskile tuleb lisada with encryption
alter proc spGetEmplyeesByGenderAndDepartment   
@gender nvarchar(20),  
@DepartmentId int
with encryption
as begin 
 select FirstName, Gender, DepartmentId from Employees where Gender = @Gender  
 and DepartmentId = @DepartmentId  
end 

--sp tegemine
create proc spGetEmployeeCountByGender
@Gender nvarchar(20),
@EmployeeCount int output
as begin
	select @EmployeeCount = count (Id) from Employees where Gender = @Gender
end

--annab tulemus, kus loendab ära nőuetele vastavad read
--prindib ka tulemuse kirja teel
--tuleb teha declare muutuja TotlaCount, mis on Int
--execute spGetEmployeeCountByGender sp, kus on parameetrid Male ja TotalCount
--if ja else, kui TotalCount = 0, siis tuleb tekst TotalCount is null
--lőpus kasuta print @TotalCounti puhul

declare @TotalCount int
execute spGetEmployeeCountByGender 'Male', @TotalCount out
if (@TotalCount = 0)
	print '@TotalCount is null'
else
	print 'Total is not null'